{
  "$schema": "https://developer.joomla.org/schemas/json-schema/web_assets.json",
  "name": "com_ra_mailman",
  "version": "CVS: 1.0.6",
  "license": "GNU General Public License version 2 or later; see LICENSE.txt",
  "assets": [
    {
      "name": "com_ra_tools.admin",
      "type": "style",
      "uri": "com_ra_tools/admin.css"
    },
    {
      "name": "com_ra_tools.admin",
      "type": "script",
      "uri": "com_ra_tools/admin.js",
      "dependencies": [
        "jquery"
      ],
      "attributes": {
        "defer": true
      }
    },
     {
        "name": "com_ra_tools.ramblers",
        "type": "style",
        "uri": "com_ra_tools/ramblers.css"
    }   
  ]
}
